time,area_h1,area_h2
0,483.33333333333,9516.6666666667
